"Path","Slice Name","Alias(s)","Label","Min","Max","Must Support?","Is Modifier?","Is Summary?","Type(s)","Short","Definition","Comments","Requirements","Default Value","Meaning When Missing","Fixed Value","Pattern","Example","Minimum Value","Maximum Value","Maximum Length","Binding Strength","Binding Description","Binding Value Set","Code","Slicing Discriminator","Slicing Description","Slicing Ordered","Slicing Rules","Base Path","Base Min","Base Max","Condition(s)","Constraint(s)","Mapping: Workflow Pattern","Mapping: RIM Mapping","Mapping: FiveWs Pattern Mapping","Mapping: HL7 v2 Mapping"
"Encounter","","Visit
","",0,*,"","","","","An interaction during which services are provided to the patient / 患者さんにサービスが提供されている間の相互作用","An interaction between a patient and healthcare provider(s) for the purpose of providing healthcare service(s) or assessing the health status of a patient.

医療サービスの提供または患者の健康状態の評価を目的とした、患者と医療提供者との間の相互作用。エンカウンターと表現される。

【JP-CORE】
外来受診、救急受診、入院、退院、対面診察、電話診察、など。","","","","","","","","","",,,,,"",,,,"Encounter",0,*,"","dom-2:If the resource is contained in another resource, it SHALL NOT contain nested Resources {contained.contained.empty()}
dom-3:If the resource is contained in another resource, it SHALL be referred to from elsewhere in the resource or SHALL refer to the containing resource {contained.where((('#'+id in (%resource.descendants().reference | %resource.descendants().as(canonical) | %resource.descendants().as(uri) | %resource.descendants().as(url))) or descendants().where(reference = '#').exists() or descendants().where(as(canonical) = '#').exists() or descendants().where(as(canonical) = '#').exists()).not()).trace('unmatched', id).empty()}dom-4:If a resource is contained in another resource, it SHALL NOT have a meta.versionId or a meta.lastUpdated {contained.meta.versionId.empty() and contained.meta.lastUpdated.empty()}dom-5:If a resource is contained in another resource, it SHALL NOT have a security label {contained.meta.security.empty()}dom-6:A resource should have narrative for robust management {text.`div`.exists()}","Event","Entity. Role, or Act","Encounter[@moodCode='EVN']"
"Encounter.id","","","",0,1,"","","Y","string {[]} {[]}
","Logical id of this artifact","The logical id of the resource, as used in the URL for the resource. Once assigned, this value never changes.","The only time that a resource does not have an id is when it is being submitted to the server using a create operation.","","","","","","","","",,,,,"",,,,"Resource.id",0,1,"",""
"Encounter.meta","","","",0,1,"","","Y","Meta {[]} {[]}
","Metadata about the resource","The metadata about the resource. This is content that is maintained by the infrastructure. Changes to the content might not always be associated with version changes to the resource.","","","","","","","","","",,,,,"",,,,"Resource.meta",0,1,"","ele-1:All FHIR elements must have a @value or children {hasValue() or (children().count() > id.count())}
"
"Encounter.implicitRules","","","",0,1,"","Y","Y","uri {[]} {[]}
","A set of rules under which this content was created","A reference to a set of rules that were followed when the resource was constructed, and which must be understood when processing the content. Often, this is a reference to an implementation guide that defines the special rules along with other profiles etc.","Asserting this rule set restricts the content to be only understood by a limited set of trading partners. This inherently limits the usefulness of the data in the long term. However, the existing health eco-system is highly fractured, and not yet ready to define, collect, and exchange data in a generally computable sense. Wherever possible, implementers and/or specification writers should avoid using this element. Often, when used, the URL is a reference to an implementation guide that defines these special rules as part of it's narrative along with other profiles, value sets, etc.","","","","","","","","",,,,,"",,,,"Resource.implicitRules",0,1,"","ele-1:All FHIR elements must have a @value or children {hasValue() or (children().count() > id.count())}
"
"Encounter.language","","","",0,1,"","","","code {[]} {[]}
","Language of the resource content","The base language in which the resource is written.","Language is provided to support indexing and accessibility (typically, services such as text to speech use the language tag). The html language tag in the narrative applies  to the narrative. The language tag on the resource may be used to specify the language of other presentations generated from the data in the resource. Not all the content has to be in the base language. The Resource.language should not be assumed to apply to the narrative automatically. If a language is specified, it should it also be specified on the div element in the html (see rules in HTML5 for information about the relationship between xml:lang and the html lang attribute).","","","","","","","","",,"preferred","A human language.","http://hl7.org/fhir/ValueSet/languages","",,,,"Resource.language",0,1,"","ele-1:All FHIR elements must have a @value or children {hasValue() or (children().count() > id.count())}
"
"Encounter.text","","narrative
htmlxhtmldisplay","",0,1,"","","","Narrative {[]} {[]}
","Text summary of the resource, for human interpretation","A human-readable narrative that contains a summary of the resource and can be used to represent the content of the resource to a human. The narrative need not encode all the structured data, but is required to contain sufficient detail to make it ""clinically safe"" for a human to just read the narrative. Resource definitions may define what content should be represented in the narrative to ensure clinical safety.","Contained resources do not have narrative. Resources that are not contained SHOULD have a narrative. In some cases, a resource may only have text with little or no additional discrete data (as long as all minOccurs=1 elements are satisfied).  This may be necessary for data from legacy systems where information is captured as a ""text blob"" or where text is additionally entered raw or narrated and encoded information is added later.","","","","","","","","",,,,,"",,,,"DomainResource.text",0,1,"","ele-1:All FHIR elements must have a @value or children {hasValue() or (children().count() > id.count())}
","Act.text?"
"Encounter.contained","","inline resources
anonymous resourcescontained resources","",0,*,"","","","Resource {[]} {[]}
","Contained, inline Resources","These resources do not have an independent existence apart from the resource that contains them - they cannot be identified independently, and nor can they have their own independent transaction scope.","This should never be done when the content can be identified properly, as once identification is lost, it is extremely difficult (and context dependent) to restore it again. Contained resources may have profiles and tags In their meta elements, but SHALL NOT have security labels.","","","","","","","","",,,,,"",,,,"DomainResource.contained",0,*,"","","N/A"
"Encounter.extension","","extensions
user content","",0,*,"","","","Extension {[]} {[]}
","Additional content defined by implementations","May be used to represent additional information that is not part of the basic definition of the resource. To make the use of extensions safe and manageable, there is a strict set of governance  applied to the definition and use of extensions. Though any implementer can define an extension, there is a set of requirements that SHALL be met as part of the definition of the extension.","There can be no stigma associated with the use of extensions by any application, project, or standard - regardless of the institution or jurisdiction that uses or defines the extensions.  The use of extensions is what allows the FHIR specification to retain a core level of simplicity for everyone.","","","","","","","","",,,,,"",,,,"DomainResource.extension",0,*,"","ele-1:All FHIR elements must have a @value or children {hasValue() or (children().count() > id.count())}
ext-1:Must have either extensions or value[x], not both {extension.exists() != value.exists()}","N/A"
"Encounter.modifierExtension","","extensions
user content","",0,*,"","Y","","Extension {[]} {[]}
","Extensions that cannot be ignored","May be used to represent additional information that is not part of the basic definition of the resource and that modifies the understanding of the element that contains it and/or the understanding of the containing element's descendants. Usually modifier elements provide negation or qualification. To make the use of extensions safe and manageable, there is a strict set of governance applied to the definition and use of extensions. Though any implementer is allowed to define an extension, there is a set of requirements that SHALL be met as part of the definition of the extension. Applications processing a resource are required to check for modifier extensions.

Modifier extensions SHALL NOT change the meaning of any elements on Resource or DomainResource (including cannot change the meaning of modifierExtension itself).","There can be no stigma associated with the use of extensions by any application, project, or standard - regardless of the institution or jurisdiction that uses or defines the extensions.  The use of extensions is what allows the FHIR specification to retain a core level of simplicity for everyone.","Modifier extensions allow for extensions that *cannot* be safely ignored to be clearly distinguished from the vast majority of extensions which can be safely ignored.  This promotes interoperability by eliminating the need for implementers to prohibit the presence of extensions. For further information, see the [definition of modifier extensions](http://hl7.org/fhir/R4/extensibility.html#modifierExtension).","","","","","","","",,,,,"",,,,"DomainResource.modifierExtension",0,*,"","ele-1:All FHIR elements must have a @value or children {hasValue() or (children().count() > id.count())}
ext-1:Must have either extensions or value[x], not both {extension.exists() != value.exists()}","N/A"
"Encounter.identifier","","","",0,*,"","","Y","Identifier {[]} {[]}
","Identifier(s) by which this encounter is known / このEncounterが知られている識別子（複数可）","Identifier(s) by which this encounter is known.

このEncounterが知られている識別子（複数可）。","","","","","","","","","",,,,,"",,,,"Encounter.identifier",0,*,"","ele-1:All FHIR elements must have a @value or children {hasValue() or (children().count() > id.count())}
","Event.identifier",".id","FiveWs.identifier","PV1-19"
"Encounter.status","","","",1,1,"","Y","Y","code {[]} {[]}
","planned | arrived | triaged | in-progress | onleave | finished | cancelled + / 予定｜到着｜トリアージ｜進行中｜保留中｜終了｜キャンセル+","planned | arrived | triaged | in-progress | onleave | finished | cancelled +.

予定｜到着｜トリアージ｜進行中｜保留中｜終了｜キャンセル+.","Note that internal business rules will determine the appropriate transitions that may occur between statuses (and also classes).

内部のビジネス・ルールは、ステータス(およびクラス)間で発生する可能性のある適切な遷移を検出することに注意してください。","","","","","","","","",,"required","Current state of the encounter.","http://hl7.org/fhir/ValueSet/encounter-status|4.0.1","",,,,"Encounter.status",1,1,"","ele-1:All FHIR elements must have a @value or children {hasValue() or (children().count() > id.count())}
","Event.status",".statusCode","FiveWs.status","No clear equivalent in HL7 v2; active/finished could be inferred from PV1-44, PV1-45, PV2-24; inactive could be inferred from PV2-16"
"Encounter.statusHistory","","","",0,*,"","","","BackboneElement {[]} {[]}
","List of past encounter statuses / 過去のEncouterのステータス一覧","The status history permits the encounter resource to contain the status history without needing to read through the historical versions of the resource, or even have the server store them.

ステータス履歴(status History)は、リソースの歴史的なバージョンを読み込んだり、サーバーに保存させたりすることなく、Encouterリソースがステータス履歴を含むことを可能にします。","The current status is always found in the current version of the resource, not the status history.

現在のステータスは、ステータスの履歴ではなく、常にリソースの現在のバージョンにあります。","","","","","","","","",,,,,"",,,,"Encounter.statusHistory",0,*,"","ele-1:All FHIR elements must have a @value or children {hasValue() or (children().count() > id.count())}
","n/a"
"Encounter.statusHistory.id","","","",0,1,"","","","string {[]} {[]}
","Unique id for inter-element referencing","Unique id for the element within a resource (for internal references). This may be any string value that does not contain spaces.","","","","","","","","","",,,,,"",,,,"Element.id",0,1,"","","n/a"
"Encounter.statusHistory.extension","","extensions
user content","",0,*,"","","","Extension {[]} {[]}
","Additional content defined by implementations","May be used to represent additional information that is not part of the basic definition of the element. To make the use of extensions safe and manageable, there is a strict set of governance  applied to the definition and use of extensions. Though any implementer can define an extension, there is a set of requirements that SHALL be met as part of the definition of the extension.","There can be no stigma associated with the use of extensions by any application, project, or standard - regardless of the institution or jurisdiction that uses or defines the extensions.  The use of extensions is what allows the FHIR specification to retain a core level of simplicity for everyone.","","","","","","","","",,,,,"",,,,"Element.extension",0,*,"","ele-1:All FHIR elements must have a @value or children {hasValue() or (children().count() > id.count())}
ext-1:Must have either extensions or value[x], not both {extension.exists() != value.exists()}","n/a"
"Encounter.statusHistory.modifierExtension","","extensions
user contentmodifiers","",0,*,"","Y","Y","Extension {[]} {[]}
","Extensions that cannot be ignored even if unrecognized","May be used to represent additional information that is not part of the basic definition of the element and that modifies the understanding of the element in which it is contained and/or the understanding of the containing element's descendants. Usually modifier elements provide negation or qualification. To make the use of extensions safe and manageable, there is a strict set of governance applied to the definition and use of extensions. Though any implementer can define an extension, there is a set of requirements that SHALL be met as part of the definition of the extension. Applications processing a resource are required to check for modifier extensions.

Modifier extensions SHALL NOT change the meaning of any elements on Resource or DomainResource (including cannot change the meaning of modifierExtension itself).","There can be no stigma associated with the use of extensions by any application, project, or standard - regardless of the institution or jurisdiction that uses or defines the extensions.  The use of extensions is what allows the FHIR specification to retain a core level of simplicity for everyone.","Modifier extensions allow for extensions that *cannot* be safely ignored to be clearly distinguished from the vast majority of extensions which can be safely ignored.  This promotes interoperability by eliminating the need for implementers to prohibit the presence of extensions. For further information, see the [definition of modifier extensions](http://hl7.org/fhir/R4/extensibility.html#modifierExtension).","","","","","","","",,,,,"",,,,"BackboneElement.modifierExtension",0,*,"","ele-1:All FHIR elements must have a @value or children {hasValue() or (children().count() > id.count())}
ext-1:Must have either extensions or value[x], not both {extension.exists() != value.exists()}","N/A"
"Encounter.statusHistory.status","","","",1,1,"","","","code {[]} {[]}
","planned | arrived | triaged | in-progress | onleave | finished | cancelled + / 予定｜到着｜トリアージ｜進行中｜保留中｜終了｜キャンセル+.","planned | arrived | triaged | in-progress | onleave | finished | cancelled +.


予定｜到着｜トリアージ｜進行中｜保留中｜終了｜キャンセル+.","Note that FHIR strings SHALL NOT exceed 1MB in size


FHIR 文字列のサイズは 1MB を超えてはならないことに注意してください。","","","","","","","","",,"required","Current state of the encounter.","http://hl7.org/fhir/ValueSet/encounter-status|4.0.1","",,,,"Encounter.statusHistory.status",1,1,"","ele-1:All FHIR elements must have a @value or children {hasValue() or (children().count() > id.count())}
","n/a"
"Encounter.statusHistory.period","","","",1,1,"","","","Period {[]} {[]}
","The time that the episode was in the specified status / そのエピソードが指定された状態になっていた時間。","The time that the episode was in the specified status.


そのエピソードが指定された状態になっていた時間。","A Period specifies a range of time; the context of use will specify whether the entire range applies (e.g. ""the patient was an inpatient of the hospital for this time range"") or one value from the range applies (e.g. ""give to the patient between these two times"").

Period is not used for a duration (a measure of elapsed time). See [Duration](datatypes.html#Duration).


これは期間ではありません-これは時間の尺度（別のタイプ）ですが、時間の固定値で発生する期間です。 期間は時間の範囲を指定します。 使用状況は、範囲全体が適用されるか（たとえば、「患者はこの時間範囲で入院していた」）、または範囲から1つの値が適用されるか（たとえば、「これら2回の間に患者に与える」）を指定します。 期間が必要な場合は、タイプをInterval | Durationとして指定します。","","","","","","","","",,,,,"",,,,"Encounter.statusHistory.period",1,1,"","ele-1:All FHIR elements must have a @value or children {hasValue() or (children().count() > id.count())}
","n/a"
"Encounter.class","","","",1,1,"","","Y","Coding {[]} {[]}
","Classification of patient encounter / 患者とのEncouterの分類","Concepts representing classification of patient encounter such as ambulatory (outpatient), inpatient, emergency, home health or others due to local variations.

外来（外来）、入院、救急、在宅医療、その他の地域差による患者Encouterの分類を表す概念。","Codes may be defined very casually in enumerations or code lists, up to very formal definitions such as SNOMED CT - see the HL7 v3 Core Principles for more information.

コードは列挙やコードリストの中で非常にカジュアルに定義されることもあれば、SNOMED CTのような非常にフォーマルな定義まであります - 詳細はHL7 v3コア・プリンシプルを参照してください。","","","","","","","","",,"extensible","Classification of the encounter.","http://terminology.hl7.org/ValueSet/v3-ActEncounterCode","",,,,"Encounter.class",1,1,"","ele-1:All FHIR elements must have a @value or children {hasValue() or (children().count() > id.count())}
",".inboundRelationship[typeCode=SUBJ].source[classCode=LIST].code","FiveWs.class","PV1-2"
"Encounter.classHistory","","","",0,*,"","","","BackboneElement {[]} {[]}
","List of past encounter classes / 過去のEncouter classのリスト","The class history permits the tracking of the encounters transitions without needing to go  through the resource history.  This would be used for a case where an admission starts of as an emergency encounter, then transitions into an inpatient scenario. Doing this and not restarting a new encounter ensures that any lab/diagnostic results can more easily follow the patient and not require re-processing and not get lost or cancelled during a kind of discharge from emergency to inpatient.

クラスの履歴は、リソースの履歴を経由することなく、Encouterの遷移を追跡することを可能にします。これは、入院患者が緊急時にEncouterした後、入院患者のシナリオに移行する場合に使用されます。このようにして、新しいEncouterを再開しないようにすることで、検査/診断結果がより簡単に患者を追跡することができ、再処理を必要とせず、救急から入院への退院の際に紛失したりキャンセルされたりすることがないことを保証します。","","","","","","","","","",,,,,"",,,,"Encounter.classHistory",0,*,"","ele-1:All FHIR elements must have a @value or children {hasValue() or (children().count() > id.count())}
","n/a"
"Encounter.classHistory.id","","","",0,1,"","","","string {[]} {[]}
","Unique id for inter-element referencing","Unique id for the element within a resource (for internal references). This may be any string value that does not contain spaces.","","","","","","","","","",,,,,"",,,,"Element.id",0,1,"","","n/a"
"Encounter.classHistory.extension","","extensions
user content","",0,*,"","","","Extension {[]} {[]}
","Additional content defined by implementations","May be used to represent additional information that is not part of the basic definition of the element. To make the use of extensions safe and manageable, there is a strict set of governance  applied to the definition and use of extensions. Though any implementer can define an extension, there is a set of requirements that SHALL be met as part of the definition of the extension.","There can be no stigma associated with the use of extensions by any application, project, or standard - regardless of the institution or jurisdiction that uses or defines the extensions.  The use of extensions is what allows the FHIR specification to retain a core level of simplicity for everyone.","","","","","","","","",,,,,"",,,,"Element.extension",0,*,"","ele-1:All FHIR elements must have a @value or children {hasValue() or (children().count() > id.count())}
ext-1:Must have either extensions or value[x], not both {extension.exists() != value.exists()}","n/a"
"Encounter.classHistory.modifierExtension","","extensions
user contentmodifiers","",0,*,"","Y","Y","Extension {[]} {[]}
","Extensions that cannot be ignored even if unrecognized","May be used to represent additional information that is not part of the basic definition of the element and that modifies the understanding of the element in which it is contained and/or the understanding of the containing element's descendants. Usually modifier elements provide negation or qualification. To make the use of extensions safe and manageable, there is a strict set of governance applied to the definition and use of extensions. Though any implementer can define an extension, there is a set of requirements that SHALL be met as part of the definition of the extension. Applications processing a resource are required to check for modifier extensions.

Modifier extensions SHALL NOT change the meaning of any elements on Resource or DomainResource (including cannot change the meaning of modifierExtension itself).","There can be no stigma associated with the use of extensions by any application, project, or standard - regardless of the institution or jurisdiction that uses or defines the extensions.  The use of extensions is what allows the FHIR specification to retain a core level of simplicity for everyone.","Modifier extensions allow for extensions that *cannot* be safely ignored to be clearly distinguished from the vast majority of extensions which can be safely ignored.  This promotes interoperability by eliminating the need for implementers to prohibit the presence of extensions. For further information, see the [definition of modifier extensions](http://hl7.org/fhir/R4/extensibility.html#modifierExtension).","","","","","","","",,,,,"",,,,"BackboneElement.modifierExtension",0,*,"","ele-1:All FHIR elements must have a @value or children {hasValue() or (children().count() > id.count())}
ext-1:Must have either extensions or value[x], not both {extension.exists() != value.exists()}","N/A"
"Encounter.classHistory.class","","","",1,1,"","","","Coding {[]} {[]}
","inpatient | outpatient | ambulatory | emergency + / 入院｜外来｜外来｜救急＋","inpatient | outpatient | ambulatory | emergency +.


入院｜外来｜外来｜救急＋。","Codes may be defined very casually in enumerations or code lists, up to very formal definitions such as SNOMED CT - see the HL7 v3 Core Principles for more information.


コードは列挙やコードリストの中で非常にカジュアルに定義されることもあれば、SNOMED CTのような非常にフォーマルな定義まであります - 詳細はHL7 v3コア・プリンシプルを参照してください。","","","","","","","","",,"extensible","Classification of the encounter.","http://terminology.hl7.org/ValueSet/v3-ActEncounterCode","",,,,"Encounter.classHistory.class",1,1,"","ele-1:All FHIR elements must have a @value or children {hasValue() or (children().count() > id.count())}
","n/a"
"Encounter.classHistory.period","","","",1,1,"","","","Period {[]} {[]}
","The time that the episode was in the specified class / 指定されたクラスにエピソードがあった時間","The time that the episode was in the specified class.


指定されたクラスにエピソードがあった時間。","A Period specifies a range of time; the context of use will specify whether the entire range applies (e.g. ""the patient was an inpatient of the hospital for this time range"") or one value from the range applies (e.g. ""give to the patient between these two times"").

Period is not used for a duration (a measure of elapsed time). See [Duration](datatypes.html#Duration).


これは期間ではありません-これは時間の尺度（別のタイプ）ですが、時間の固定値で発生する期間です。 期間は時間の範囲を指定します。 使用状況は、範囲全体が適用されるか（たとえば、「患者はこの時間範囲で入院していた」）、または範囲から1つの値が適用されるか（たとえば、「これら2回の間に患者に与える」）を指定します。 期間が必要な場合は、タイプをInterval | Durationとして指定します。","","","","","","","","",,,,,"",,,,"Encounter.classHistory.period",1,1,"","ele-1:All FHIR elements must have a @value or children {hasValue() or (children().count() > id.count())}
","n/a"
"Encounter.type","","","",0,*,"","","Y","CodeableConcept {[]} {[]}
","Specific type of encounter / Encouterの具体的なタイプ","Specific type of encounter (e.g. e-mail consultation, surgical day-care, skilled nursing, rehabilitation).

具体的なEncouterの種類（メール相談、外科デイケア、熟練看護、リハビリテーションなど）","Since there are many ways to further classify encounters, this element is 0..*.

Encouterをさらに分類する方法はいろいろあるので、この要素は0...*です。","","","","","","","","",,"example","The type of encounter.","http://hl7.org/fhir/ValueSet/encounter-type","",,,,"Encounter.type",0,*,"","ele-1:All FHIR elements must have a @value or children {hasValue() or (children().count() > id.count())}
","Event.code",".code","FiveWs.class","PV1-4 / PV1-18"
"Encounter.serviceType","","","",0,1,"","","Y","CodeableConcept {[]} {[]}
","Specific type of service / 具体的なサービスの種類","Broad categorization of the service that is to be provided (e.g. cardiology).

提供されるサービスの大まかな分類（心臓病など）。","Not all terminology uses fit this general pattern. In some cases, models should not use CodeableConcept and use Coding directly and provide their own structure for managing text, codings, translations and the relationship between elements and pre- and post-coordination.

すべてのターミノロジーの使用がこの一般的なパターンに適合するわけではない。場合によっては、モデルはCodeableConceptを使用せず、コーディングを直接使用して、テキスト、コーディング、翻訳、および要素間の関係とpre-coordinationとpost-coordinationの用語関係を管理するための独自の構造を提供する必要がある。","","","","","","","","",,"example","Broad categorization of the service that is to be provided.","http://hl7.org/fhir/ValueSet/service-type","",,,,"Encounter.serviceType",0,1,"","ele-1:All FHIR elements must have a @value or children {hasValue() or (children().count() > id.count())}
","Event.code","n/a","PV1-10"
"Encounter.priority","","","",0,1,"","","","CodeableConcept {[]} {[]}
","Indicates the urgency of the encounter / このEncounterの緊急性を示します","Indicates the urgency of the encounter.

このEncounterの緊急性を示します。","Not all terminology uses fit this general pattern. In some cases, models should not use CodeableConcept and use Coding directly and provide their own structure for managing text, codings, translations and the relationship between elements and pre- and post-coordination.

すべてのターミノロジーの使用がこの一般的なパターンに適合するわけではない。場合によっては、モデルはCodeableConceptを使用せず、コーディングを直接使用して、テキスト、コーディング、翻訳、および要素間の関係とpre-coordinationとpost-coordinationの用語関係を管理するための独自の構造を提供する必要がある。","","","","","","","","",,"example","Indicates the urgency of the encounter.","http://terminology.hl7.org/ValueSet/v3-ActPriority","",,,,"Encounter.priority",0,1,"","ele-1:All FHIR elements must have a @value or children {hasValue() or (children().count() > id.count())}
",".priorityCode","FiveWs.grade","PV2-25"
"Encounter.subject","","patient
","",0,1,"","","Y","Reference {[]} {[CanonicalType[http://hl7.org/fhir/StructureDefinition/Patient], CanonicalType[http://hl7.org/fhir/StructureDefinition/Group]]}
","The patient or group present at the encounter / このEncounterに立ち会う患者またはグループ","The patient or group present at the encounter.

このEncounterに立ち会う患者またはグループ。","While the encounter is always about the patient, the patient might not actually be known in all contexts of use, and there may be a group of patients that could be anonymous (such as in a group therapy for Alcoholics Anonymous - where the recording of the encounter could be used for billing on the number of people/staff and not important to the context of the specific patients) or alternately in veterinary care a herd of sheep receiving treatment (where the animals are not individually tracked).

このEncounterは常に患者に関するものであるが、患者は実際にはすべての使用状況で知られているわけではなく、匿名である可能性のある患者のグループが存在する可能性がある。（匿名のアルコール依存症の集団療法など-遭遇は、人数/スタッフの請求に使用でき、特定の患者の状況には重要ではない）","","","","","","","","",,,,,"",,,,"Encounter.subject",0,1,"","ele-1:All FHIR elements must have a @value or children {hasValue() or (children().count() > id.count())}
","Event.subject",".participation[typeCode=SBJ]/role[classCode=PAT]","FiveWs.subject[x]","FiveWs.subject","PID-3"
"Encounter.episodeOfCare","","","",0,*,"","","Y","Reference {[]} {[CanonicalType[http://hl7.org/fhir/StructureDefinition/EpisodeOfCare]]}
","Episode(s) of care that this encounter should be recorded against / このEncounterが記録されるべきケアのエピソード","Where a specific encounter should be classified as a part of a specific episode(s) of care this field should be used. This association can facilitate grouping of related encounters together for a specific purpose, such as government reporting, issue tracking, association via a common problem.  The association is recorded on the encounter as these are typically created after the episode of care and grouped on entry rather than editing the episode of care to append another encounter to it (the episode of care could span years).

特定のEncounterをケアの特定のエピソードの一部として分類する必要がある場合は、このフィールドを使用する必要があります。この関連付けにより、政府の報告、問題追跡、一般的な問題を介した関連付けなど、特定の目的のために関連するエンカウンターをグループ化することが容易になります。これらは通常、ケアのエピソードの後に​​作成され、ケアのエピソードを編集して別のエンカウンターを追加するのではなく、エントリ時にグループ化されるため、関連付けはエンカウンターに記録されます（ケアのエピソードは数年にわたる場合があります）。","References SHALL be a reference to an actual FHIR resource, and SHALL be resolveable (allowing for access control, temporary unavailability, etc.). Resolution can be either by retrieval from the URL, or, where applicable by resource type, by treating an absolute reference as a canonical URL and looking it up in a local registry/repository.

参照は、実際のFHIRリソースへの参照である必要があり、解決可能（内容に到達可能）である必要がある（アクセス制御、一時的な使用不可などを考慮に入れる）。解決は、URLから取得するか、リソースタイプによって該当する場合は、絶対参照を正規URLとして扱い、ローカルレジストリ/リポジトリで検索することによって行うことができる。","","","","","","","","",,,,,"",,,,"Encounter.episodeOfCare",0,*,"","ele-1:All FHIR elements must have a @value or children {hasValue() or (children().count() > id.count())}
","Event.context","n/a","FiveWs.context","PV1-54, PV1-53"
"Encounter.basedOn","","incomingReferral
","",0,*,"","","","Reference {[]} {[CanonicalType[http://hl7.org/fhir/StructureDefinition/ServiceRequest]]}
","The ServiceRequest that initiated this encounter / このEncounterを開始したServiceRequest","The request this encounter satisfies (e.g. incoming referral or procedure request).

このEncounterが満たすリクエスト（例：入ってくる紹介または手続きリクエスト）。","References SHALL be a reference to an actual FHIR resource, and SHALL be resolveable (allowing for access control, temporary unavailability, etc.). Resolution can be either by retrieval from the URL, or, where applicable by resource type, by treating an absolute reference as a canonical URL and looking it up in a local registry/repository.

参照は、実際のFHIRリソースへの参照である必要があり、解決可能（内容に到達可能）である必要がある（アクセス制御、一時的な使用不可などを考慮に入れる）。解決は、URLから取得するか、リソースタイプによって該当する場合は、絶対参照を正規URLとして扱い、ローカルレジストリ/リポジトリで検索することによって行うことができる。","","","","","","","","",,,,,"",,,,"Encounter.basedOn",0,*,"","ele-1:All FHIR elements must have a @value or children {hasValue() or (children().count() > id.count())}
","Event.basedOn",".reason.ClinicalDocument"
"Encounter.participant","","","",0,*,"","","Y","BackboneElement {[]} {[]}
","List of participants involved in the encounter / このEncounterに関わった参加者一覧","The list of people responsible for providing the service.

サービスを提供する責任がある人々のリスト。","","","","","","","","","",,,,,"",,,,"Encounter.participant",0,*,"","ele-1:All FHIR elements must have a @value or children {hasValue() or (children().count() > id.count())}
","Event.performer",".participation[typeCode=PFM]","ROL"
"Encounter.participant.id","","","",0,1,"","","","string {[]} {[]}
","Unique id for inter-element referencing","Unique id for the element within a resource (for internal references). This may be any string value that does not contain spaces.","","","","","","","","","",,,,,"",,,,"Element.id",0,1,"","","n/a"
"Encounter.participant.extension","","extensions
user content","",0,*,"","","","Extension {[]} {[]}
","Additional content defined by implementations","May be used to represent additional information that is not part of the basic definition of the element. To make the use of extensions safe and manageable, there is a strict set of governance  applied to the definition and use of extensions. Though any implementer can define an extension, there is a set of requirements that SHALL be met as part of the definition of the extension.","There can be no stigma associated with the use of extensions by any application, project, or standard - regardless of the institution or jurisdiction that uses or defines the extensions.  The use of extensions is what allows the FHIR specification to retain a core level of simplicity for everyone.","","","","","","","","",,,,,"",,,,"Element.extension",0,*,"","ele-1:All FHIR elements must have a @value or children {hasValue() or (children().count() > id.count())}
ext-1:Must have either extensions or value[x], not both {extension.exists() != value.exists()}","n/a"
"Encounter.participant.modifierExtension","","extensions
user contentmodifiers","",0,*,"","Y","Y","Extension {[]} {[]}
","Extensions that cannot be ignored even if unrecognized","May be used to represent additional information that is not part of the basic definition of the element and that modifies the understanding of the element in which it is contained and/or the understanding of the containing element's descendants. Usually modifier elements provide negation or qualification. To make the use of extensions safe and manageable, there is a strict set of governance applied to the definition and use of extensions. Though any implementer can define an extension, there is a set of requirements that SHALL be met as part of the definition of the extension. Applications processing a resource are required to check for modifier extensions.

Modifier extensions SHALL NOT change the meaning of any elements on Resource or DomainResource (including cannot change the meaning of modifierExtension itself).","There can be no stigma associated with the use of extensions by any application, project, or standard - regardless of the institution or jurisdiction that uses or defines the extensions.  The use of extensions is what allows the FHIR specification to retain a core level of simplicity for everyone.","Modifier extensions allow for extensions that *cannot* be safely ignored to be clearly distinguished from the vast majority of extensions which can be safely ignored.  This promotes interoperability by eliminating the need for implementers to prohibit the presence of extensions. For further information, see the [definition of modifier extensions](http://hl7.org/fhir/R4/extensibility.html#modifierExtension).","","","","","","","",,,,,"",,,,"BackboneElement.modifierExtension",0,*,"","ele-1:All FHIR elements must have a @value or children {hasValue() or (children().count() > id.count())}
ext-1:Must have either extensions or value[x], not both {extension.exists() != value.exists()}","N/A"
"Encounter.participant.type","","","",0,*,"","","Y","CodeableConcept {[]} {[]}
","Role of participant in encounter / このエンカウンターにおける参加者の役割","Role of participant in encounter.


このエンカウンターにおける参加者の役割。","The participant type indicates how an individual participates in an encounter. It includes non-practitioner participants, and for practitioners this is to describe the action type in the context of this encounter (e.g. Admitting Dr, Attending Dr, Translator, Consulting Dr). This is different to the practitioner roles which are functional roles, derived from terms of employment, education, licensing, etc.


参加者タイプは、個人がEncounterにどのように参加するかを示します。これには、開業医以外の参加者が含まれます。開業医の場合、これは、このEncounterのコンテキストでのアクションタイプを説明することです（例：入院医師、出席医師、翻訳者、コンサルティング医師）。これは、雇用、教育、ライセンスなどの条件から派生した機能的な役割である開業医の役割とは異なります。","","","","","","","","",,"extensible","Role of participant in encounter.","http://hl7.org/fhir/ValueSet/encounter-participant-type","",,,,"Encounter.participant.type",0,*,"","ele-1:All FHIR elements must have a @value or children {hasValue() or (children().count() > id.count())}
","Event.performer.function",".functionCode","ROL-3 (or maybe PRT-4)"
"Encounter.participant.period","","","",0,1,"","","","Period {[]} {[]}
","Period of time during the encounter that the participant participated / この参加者が参加したEncounterの中での期間","The period of time that the specified participant participated in the encounter. These can overlap or be sub-sets of the overall encounter's period.


指定された参加者がEncounterに参加した期間。これらは重複することも、Encounter全体の期間のサブセットになることもあります。","","","","","","","","","",,,,,"",,,,"Encounter.participant.period",0,1,"","ele-1:All FHIR elements must have a @value or children {hasValue() or (children().count() > id.count())}
",".time","ROL-5, ROL-6 (or maybe PRT-5)"
"Encounter.participant.individual","","","",0,1,"","","Y","Reference {[]} {[CanonicalType[http://hl7.org/fhir/StructureDefinition/Practitioner], CanonicalType[http://hl7.org/fhir/StructureDefinition/PractitionerRole], CanonicalType[http://hl7.org/fhir/StructureDefinition/RelatedPerson]]}
","Persons involved in the encounter other than the patient / 患者以外のこのEncounterに関わった人","Persons involved in the encounter other than the patient.


患者以外のこのEncounterに関わった人。","","","","","","","","","",,,,,"",,,,"Encounter.participant.individual",0,1,"","ele-1:All FHIR elements must have a @value or children {hasValue() or (children().count() > id.count())}
","Event.performer.actor",".role","FiveWs.who","ROL-4"
"Encounter.appointment","","","",0,*,"","","Y","Reference {[]} {[CanonicalType[http://hl7.org/fhir/StructureDefinition/Appointment]]}
","The appointment that scheduled this encounter / このEncounterをスケジュールした予定","The appointment that scheduled this encounter.

このEncounterをスケジュールした予定。","References SHALL be a reference to an actual FHIR resource, and SHALL be resolveable (allowing for access control, temporary unavailability, etc.). Resolution can be either by retrieval from the URL, or, where applicable by resource type, by treating an absolute reference as a canonical URL and looking it up in a local registry/repository.

参照は、実際のFHIRリソースへの参照である必要があり、解決可能（内容に到達可能）である必要がある（アクセス制御、一時的な使用不可などを考慮に入れる）。解決は、URLから取得するか、リソースタイプによって該当する場合は、絶対参照を正規URLとして扱い、ローカルレジストリ/リポジトリで検索することによって行うことができる。","","","","","","","","",,,,,"",,,,"Encounter.appointment",0,*,"","ele-1:All FHIR elements must have a @value or children {hasValue() or (children().count() > id.count())}
","Event.basedOn",".outboundRelationship[typeCode=FLFS].target[classCode=ENC, moodCode=APT]","SCH-1 / SCH-2"
"Encounter.period","","","",0,1,"","","","Period {[]} {[]}
","The start and end time of the encounter / このEncounterの開始時間と終了時間","The start and end time of the encounter.

このEncounterの開始時間と終了時間。","If not (yet) known, the end of the Period may be omitted.

（まだ）わからない場合は、期間の終了を省略できる。","","","","","","","","",,,,,"",,,,"Encounter.period",0,1,"","ele-1:All FHIR elements must have a @value or children {hasValue() or (children().count() > id.count())}
","Event.occurrence[x]",".effectiveTime (low & high)","FiveWs.done[x]","PV1-44, PV1-45"
"Encounter.length","","","",0,1,"","","","Duration {[]} {[]}
","Quantity of time the encounter lasted (less time absent) / Encounterが続いた時間の量（欠席時間が少ない）","Quantity of time the encounter lasted. This excludes the time during leaves of absence.

このエンカウンターが続いた時間。これは休職中の時間を除外します。","May differ from the time the Encounter.period lasted because of leave of absence.

休職のため、Encounter.periodが続いた時間とは異なる場合がある。","","","","","","","","",,,,,"",,,,"Encounter.length",0,1,"","ele-1:All FHIR elements must have a @value or children {hasValue() or (children().count() > id.count())}
","Event.occurrence[x]",".lengthOfStayQuantity","(PV1-45 less PV1-44) iff ( (PV1-44 not empty) and (PV1-45 not empty) ); units in minutes"
"Encounter.reasonCode","","Indication
Admission diagnosis","",0,*,"","","Y","CodeableConcept {[]} {[]}
","Coded reason the encounter takes place / Encounterの発生をコード化された理由の情報","Reason the encounter takes place, expressed as a code. For admissions, this can be used for a coded admission diagnosis.

受診理由をコードで表現したもの。入院の場合はコード化された入院診断名に使用することができる。","For systems that need to know which was the primary diagnosis, these will be marked with the standard extension primaryDiagnosis (which is a sequence value rather than a flag, 1 = primary diagnosis).

どれが主たる診断であったかを知る必要があるシステムでは、これらは標準のエクステンションであるprimaryDiagnosis（フラグではなくシーケンス値、1 = 主たる診断）でマークされる。","","","","","","","","",,"preferred","Reason why the encounter takes place.","http://hl7.org/fhir/ValueSet/encounter-reason","",,,,"Encounter.reasonCode",0,*,"","ele-1:All FHIR elements must have a @value or children {hasValue() or (children().count() > id.count())}
","Event.reasonCode",".reasonCode","FiveWs.why[x]","EVN-4 / PV2-3 (note: PV2-3 is nominally constrained to inpatient admissions; HL7 v2 makes no vocabulary suggestions for PV2-3; would not expect PV2 segment or PV2-3 to be in use in all implementations )"
"Encounter.reasonReference","","Indication
Admission diagnosis","",0,*,"","","Y","Reference {[]} {[CanonicalType[http://hl7.org/fhir/StructureDefinition/Condition], CanonicalType[http://hl7.org/fhir/StructureDefinition/Procedure], CanonicalType[http://hl7.org/fhir/StructureDefinition/Observation], CanonicalType[http://hl7.org/fhir/StructureDefinition/ImmunizationRecommendation]]}
","Reason the encounter takes place (reference)　エンカウンターがあった理由","Reason the encounter takes place, expressed as a code. For admissions, this can be used for a coded admission diagnosis.

コードとして表現されたエンカウンターが起こった理由。入院の場合、これはコード化されたコード化された入院時診断に使用できます。","For systems that need to know which was the primary diagnosis, these will be marked with the standard extension primaryDiagnosis (which is a sequence value rather than a flag, 1 = primary diagnosis).

どれが主たる診断であったかを知る必要があるシステムでは、これらは標準のエクステンションであるprimaryDiagnosis（フラグではなくシーケンス値、1 = 主たる診断）でマークされる。","","","","","","","","",,,,,"",,,,"Encounter.reasonReference",0,*,"","ele-1:All FHIR elements must have a @value or children {hasValue() or (children().count() > id.count())}
","Event.reasonCode",".reasonCode","FiveWs.why[x]","EVN-4 / PV2-3 (note: PV2-3 is nominally constrained to inpatient admissions; HL7 v2 makes no vocabulary suggestions for PV2-3; would not expect PV2 segment or PV2-3 to be in use in all implementations )"
"Encounter.diagnosis","","","",0,*,"","","Y","BackboneElement {[]} {[]}
","The list of diagnosis relevant to this encounter / このEncounterに関連する診断名のリスト","The list of diagnosis relevant to this encounter.

このEncounterに関連する診断名のリスト","","","","","","","","","",,,,,"",,,,"Encounter.diagnosis",0,*,"","ele-1:All FHIR elements must have a @value or children {hasValue() or (children().count() > id.count())}
",".outboundRelationship[typeCode=RSON]"
"Encounter.diagnosis.id","","","",0,1,"","","","string {[]} {[]}
","Unique id for inter-element referencing","Unique id for the element within a resource (for internal references). This may be any string value that does not contain spaces.","","","","","","","","","",,,,,"",,,,"Element.id",0,1,"","","n/a"
"Encounter.diagnosis.extension","","extensions
user content","",0,*,"","","","Extension {[]} {[]}
","Additional content defined by implementations","May be used to represent additional information that is not part of the basic definition of the element. To make the use of extensions safe and manageable, there is a strict set of governance  applied to the definition and use of extensions. Though any implementer can define an extension, there is a set of requirements that SHALL be met as part of the definition of the extension.","There can be no stigma associated with the use of extensions by any application, project, or standard - regardless of the institution or jurisdiction that uses or defines the extensions.  The use of extensions is what allows the FHIR specification to retain a core level of simplicity for everyone.","","","","","","","","",,,,,"",,,,"Element.extension",0,*,"","ele-1:All FHIR elements must have a @value or children {hasValue() or (children().count() > id.count())}
ext-1:Must have either extensions or value[x], not both {extension.exists() != value.exists()}","n/a"
"Encounter.diagnosis.modifierExtension","","extensions
user contentmodifiers","",0,*,"","Y","Y","Extension {[]} {[]}
","Extensions that cannot be ignored even if unrecognized","May be used to represent additional information that is not part of the basic definition of the element and that modifies the understanding of the element in which it is contained and/or the understanding of the containing element's descendants. Usually modifier elements provide negation or qualification. To make the use of extensions safe and manageable, there is a strict set of governance applied to the definition and use of extensions. Though any implementer can define an extension, there is a set of requirements that SHALL be met as part of the definition of the extension. Applications processing a resource are required to check for modifier extensions.

Modifier extensions SHALL NOT change the meaning of any elements on Resource or DomainResource (including cannot change the meaning of modifierExtension itself).","There can be no stigma associated with the use of extensions by any application, project, or standard - regardless of the institution or jurisdiction that uses or defines the extensions.  The use of extensions is what allows the FHIR specification to retain a core level of simplicity for everyone.","Modifier extensions allow for extensions that *cannot* be safely ignored to be clearly distinguished from the vast majority of extensions which can be safely ignored.  This promotes interoperability by eliminating the need for implementers to prohibit the presence of extensions. For further information, see the [definition of modifier extensions](http://hl7.org/fhir/R4/extensibility.html#modifierExtension).","","","","","","","",,,,,"",,,,"BackboneElement.modifierExtension",0,*,"","ele-1:All FHIR elements must have a @value or children {hasValue() or (children().count() > id.count())}
ext-1:Must have either extensions or value[x], not both {extension.exists() != value.exists()}","N/A"
"Encounter.diagnosis.condition","","Admission diagnosis
discharge diagnosisindication","",1,1,"","","Y","Reference {[]} {[CanonicalType[http://hl7.org/fhir/StructureDefinition/Condition], CanonicalType[http://hl7.org/fhir/StructureDefinition/Procedure]]}
","The diagnosis or procedure relevant to the encounter / Encounterに関連する診断または処置","Reason the encounter takes place, as specified using information from another resource. For admissions, this is the admission diagnosis. The indication will typically be a Condition (with other resources referenced in the evidence.detail), or a Procedure.


受診理由（他のリソースからの情報を使用して指定されたもの）。入院の場合、これは入院診断名である。表現方法は通常、状態（evidence.detailで参照されている他のリソースを使用）、または処置である。","For systems that need to know which was the primary diagnosis, these will be marked with the standard extension primaryDiagnosis (which is a sequence value rather than a flag, 1 = primary diagnosis).


どちらが一次診断であったかを知る必要があるシステムでは、これらは標準のエクステンションであるprimaryDiagnosis（フラグではなくシーケンス値、1 = 一次診断）でマークされます。","","","","","","","","",,,,,"",,,,"Encounter.diagnosis.condition",1,1,"","ele-1:All FHIR elements must have a @value or children {hasValue() or (children().count() > id.count())}
","Event.reasonReference",".outboundRelationship[typeCode=RSON].target","FiveWs.why[x]","Resources that would commonly referenced at Encounter.indication would be Condition and/or Procedure. These most closely align with DG1/PRB and PR1 respectively."
"Encounter.diagnosis.use","","","",0,1,"","","","CodeableConcept {[]} {[]}
","Role that this diagnosis has within the encounter (e.g. admission, billing, discharge …) / この診断名がある受診機会において持っている役割（例えば、入院、請求、退院...）","Role that this diagnosis has within the encounter (e.g. admission, billing, discharge …).


この診断名がある受診機会において持っている役割（例えば、入院、請求、退院...）。","","","","","","","","","",,"preferred","The type of diagnosis this condition represents.","http://hl7.org/fhir/ValueSet/diagnosis-role","",,,,"Encounter.diagnosis.use",0,1,"","ele-1:All FHIR elements must have a @value or children {hasValue() or (children().count() > id.count())}
","n/a"
"Encounter.diagnosis.rank","","","",0,1,"","","","positiveInt {[]} {[]}
","Ranking of the diagnosis (for each role type) / 診断名の順位（役割別）","Ranking of the diagnosis (for each role type).


診断名の順位（役割別）","","","","","","","","","",,,,,"",,,,"Encounter.diagnosis.rank",0,1,"","ele-1:All FHIR elements must have a @value or children {hasValue() or (children().count() > id.count())}
",".outboundRelationship[typeCode=RSON].priority"
"Encounter.account","","","",0,*,"","","","Reference {[]} {[CanonicalType[http://hl7.org/fhir/StructureDefinition/Account]]}
","The set of accounts that may be used for billing for this Encounter / あるEncounterの請求に使用される会計セット","The set of accounts that may be used for billing for this Encounter.

あるEncounterの請求に使用される会計セット。","The billing system may choose to allocate billable items associated with the Encounter to different referenced Accounts based on internal business rules.

請求システムは、内部ルールに基づいて、ある受診機会に関連付けられた請求可能な項目を異なる参照先の会計に割り当てることができる。","","","","","","","","",,,,,"",,,,"Encounter.account",0,*,"","ele-1:All FHIR elements must have a @value or children {hasValue() or (children().count() > id.count())}
",".pertains.A_Account"
"Encounter.hospitalization","","","",0,1,"","","","BackboneElement {[]} {[]}
","Details about the admission to a healthcare service/医療機関への入院に関する詳細","Details about the admission to a healthcare service.

医療機関への入院に関する詳細","An Encounter may cover more than just the inpatient stay. Contexts such as outpatients, community clinics, and aged care facilities are also included.The duration recorded in the period of this encounter covers the entire scope of this hospitalization record.

Encounterは、入院患者の滞在の記録だけではない。外来患者、地域の診療所、高齢者施設などのコンテクストも含まれます。
このEncouterの期間に記録された時間区間は、この入院記録の全範囲をカバーしている。","","","","","","","","",,,,,"",,,,"Encounter.hospitalization",0,1,"","ele-1:All FHIR elements must have a @value or children {hasValue() or (children().count() > id.count())}
",".outboundRelationship[typeCode=COMP].target[classCode=ENC, moodCode=EVN]"
"Encounter.hospitalization.id","","","",0,1,"","","","string {[]} {[]}
","Unique id for inter-element referencing","Unique id for the element within a resource (for internal references). This may be any string value that does not contain spaces.","","","","","","","","","",,,,,"",,,,"Element.id",0,1,"","","n/a"
"Encounter.hospitalization.extension","","extensions
user content","",0,*,"","","","Extension {[]} {[]}
","Additional content defined by implementations","May be used to represent additional information that is not part of the basic definition of the element. To make the use of extensions safe and manageable, there is a strict set of governance  applied to the definition and use of extensions. Though any implementer can define an extension, there is a set of requirements that SHALL be met as part of the definition of the extension.","There can be no stigma associated with the use of extensions by any application, project, or standard - regardless of the institution or jurisdiction that uses or defines the extensions.  The use of extensions is what allows the FHIR specification to retain a core level of simplicity for everyone.","","","","","","","","",,,,,"",,,,"Element.extension",0,*,"","ele-1:All FHIR elements must have a @value or children {hasValue() or (children().count() > id.count())}
ext-1:Must have either extensions or value[x], not both {extension.exists() != value.exists()}","n/a"
"Encounter.hospitalization.modifierExtension","","extensions
user contentmodifiers","",0,*,"","Y","Y","Extension {[]} {[]}
","Extensions that cannot be ignored even if unrecognized","May be used to represent additional information that is not part of the basic definition of the element and that modifies the understanding of the element in which it is contained and/or the understanding of the containing element's descendants. Usually modifier elements provide negation or qualification. To make the use of extensions safe and manageable, there is a strict set of governance applied to the definition and use of extensions. Though any implementer can define an extension, there is a set of requirements that SHALL be met as part of the definition of the extension. Applications processing a resource are required to check for modifier extensions.

Modifier extensions SHALL NOT change the meaning of any elements on Resource or DomainResource (including cannot change the meaning of modifierExtension itself).","There can be no stigma associated with the use of extensions by any application, project, or standard - regardless of the institution or jurisdiction that uses or defines the extensions.  The use of extensions is what allows the FHIR specification to retain a core level of simplicity for everyone.","Modifier extensions allow for extensions that *cannot* be safely ignored to be clearly distinguished from the vast majority of extensions which can be safely ignored.  This promotes interoperability by eliminating the need for implementers to prohibit the presence of extensions. For further information, see the [definition of modifier extensions](http://hl7.org/fhir/R4/extensibility.html#modifierExtension).","","","","","","","",,,,,"",,,,"BackboneElement.modifierExtension",0,*,"","ele-1:All FHIR elements must have a @value or children {hasValue() or (children().count() > id.count())}
ext-1:Must have either extensions or value[x], not both {extension.exists() != value.exists()}","N/A"
"Encounter.hospitalization.preAdmissionIdentifier","","","",0,1,"","","","Identifier {[]} {[]}
","Pre-admission identifier/入院前識別子","Pre-admission identifier.


入院前識別子","","","","","","","","","",,,,,"",,,,"Encounter.hospitalization.preAdmissionIdentifier",0,1,"","ele-1:All FHIR elements must have a @value or children {hasValue() or (children().count() > id.count())}
",".id","PV1-5"
"Encounter.hospitalization.origin","","","",0,1,"","","","Reference {[]} {[CanonicalType[http://hl7.org/fhir/StructureDefinition/Location], CanonicalType[http://hl7.org/fhir/StructureDefinition/Organization]]}
","The location/organization from which the patient came before admission/患者が入院する前に来院した場所/組織","The location/organization from which the patient came before admission.


患者が入院する前に来院した場所/組織","References SHALL be a reference to an actual FHIR resource, and SHALL be resolveable (allowing for access control, temporary unavailability, etc.). Resolution can be either by retrieval from the URL, or, where applicable by resource type, by treating an absolute reference as a canonical URL and looking it up in a local registry/repository.


参照は実際のFHIRリソースへの参照でなければならず、解決可能でなければなりません。解決は URL からの検索、またはリソースタイプによって、絶対参照を正規の URL として扱い、ローカルのレジストリ/リポジトリで検索することで行うことができます。","","","","","","","","",,,,,"",,,,"Encounter.hospitalization.origin",0,1,"","ele-1:All FHIR elements must have a @value or children {hasValue() or (children().count() > id.count())}
",".participation[typeCode=ORG].role"
"Encounter.hospitalization.admitSource","","","",0,1,"","","","CodeableConcept {[]} {[]}
","From where patient was admitted (physician referral, transfer)/患者がどこから入院したか（医師の紹介、転院）","From where patient was admitted (physician referral, transfer).


患者がどこから入院したか（医師の紹介、転院）
例：他の病院からの転院、かかりつけ医からの紹介、この病院で産まれた、など","Not all terminology uses fit this general pattern. In some cases, models should not use CodeableConcept and use Coding directly and provide their own structure for managing text, codings, translations and the relationship between elements and pre- and post-coordination.


すべての用語の使用がこの一般的なパターンに適合するわけではない。いくつかのケースでは、モデルはCodeableConceptを使用せず、Codingを直接使用し、テキスト、コーディング、翻訳、要素間の関係、および前後の調整を管理するための独自の構造を提供することが望ましい。","","","","","","","","",,"preferred","From where the patient was admitted.","http://hl7.org/fhir/ValueSet/encounter-admit-source","",,,,"Encounter.hospitalization.admitSource",0,1,"","ele-1:All FHIR elements must have a @value or children {hasValue() or (children().count() > id.count())}
",".admissionReferralSourceCode","PV1-14"
"Encounter.hospitalization.reAdmission","","","",0,1,"","","","CodeableConcept {[]} {[]}
","The type of hospital re-admission that has occurred (if any). If the value is absent, then this is not identified as a readmission / 発生した病院の再入院のタイプ（もしあれば）。値がない場合、これは再入院として識別されません。","Whether this hospitalization is a readmission and why if known.


この入院が再入院であるかどうかと、わかっている場合はその理由。","Not all terminology uses fit this general pattern. In some cases, models should not use CodeableConcept and use Coding directly and provide their own structure for managing text, codings, translations and the relationship between elements and pre- and post-coordination.


すべての用語の使用がこの一般的なパターンに適合するわけではない。いくつかのケースでは、モデルはCodeableConceptを使用せず、Codingを直接使用し、テキスト、コーディング、翻訳、要素間の関係、および前後の調整を管理するための独自の構造を提供することが望ましい。","","","","","","","","",,"example","The reason for re-admission of this hospitalization encounter.","http://terminology.hl7.org/ValueSet/v2-0092","",,,,"Encounter.hospitalization.reAdmission",0,1,"","ele-1:All FHIR elements must have a @value or children {hasValue() or (children().count() > id.count())}
","n/a","PV1-13"
"Encounter.hospitalization.dietPreference","","","",0,*,"","","","CodeableConcept {[]} {[]}
","Diet preferences reported by the patient / 患者から報告された食事の好み","Diet preferences reported by the patient.


患者から報告された食事の好み","For example, a patient may request both a dairy-free and nut-free diet preference (not mutually exclusive).


例えば、患者は、乳製品を含まない食事とナッツ類を含まない食事の両方を希望することができます（相互に排他的ではありません）。","Used to track patient's diet restrictions and/or preference. For a complete description of the nutrition needs of a patient during their stay, one should use the nutritionOrder resource which links to Encounter.


患者の食事制限および／または好み・嗜好を追跡するために使用される。滞在中の患者の栄養ニーズの完全な説明については、EncounterにリンクしているnutritionOrderリソースを使用する必要があります。","","","","","","","",,"example","Medical, cultural or ethical food preferences to help with catering requirements.","http://hl7.org/fhir/ValueSet/encounter-diet","",,,,"Encounter.hospitalization.dietPreference",0,*,"","ele-1:All FHIR elements must have a @value or children {hasValue() or (children().count() > id.count())}
",".outboundRelationship[typeCode=COMP].target[classCode=SBADM, moodCode=EVN, code=""diet""]","PV1-38"
"Encounter.hospitalization.specialCourtesy","","","",0,*,"","","","CodeableConcept {[]} {[]}
","Special courtesies (VIP, board member) / 特別待遇(VIP、役員)","Special courtesies (VIP, board member).


特別待遇(VIP、役員)","Not all terminology uses fit this general pattern. In some cases, models should not use CodeableConcept and use Coding directly and provide their own structure for managing text, codings, translations and the relationship between elements and pre- and post-coordination.


すべての用語の使用がこの一般的なパターンに適合するわけではない。いくつかのケースでは、モデルはCodeableConceptを使用せず、Codingを直接使用し、テキスト、コーディング、翻訳、要素間の関係、および前後の調整を管理するための独自の構造を提供することが望ましい。","","","","","","","","",,"preferred","Special courtesies.","http://hl7.org/fhir/ValueSet/encounter-special-courtesy","",,,,"Encounter.hospitalization.specialCourtesy",0,*,"","ele-1:All FHIR elements must have a @value or children {hasValue() or (children().count() > id.count())}
",".specialCourtesiesCode","PV1-16"
"Encounter.hospitalization.specialArrangement","","","",0,*,"","","","CodeableConcept {[]} {[]}
","Wheelchair, translator, stretcher, etc. / 車椅子、トランスレーター、ストレッチャーなど","Any special requests that have been made for this hospitalization encounter, such as the provision of specific equipment or other things.


特定の器具の提供など、今回の入院の出会いのために特別な要望があったもの","Not all terminology uses fit this general pattern. In some cases, models should not use CodeableConcept and use Coding directly and provide their own structure for managing text, codings, translations and the relationship between elements and pre- and post-coordination.


すべての用語の使用がこの一般的なパターンに適合するわけではない。いくつかのケースでは、モデルはCodeableConceptを使用せず、Codingを直接使用し、テキスト、コーディング、翻訳、要素間の関係、および前後の調整を管理するための独自の構造を提供することが望ましい。","","","","","","","","",,"preferred","Special arrangements.","http://hl7.org/fhir/ValueSet/encounter-special-arrangements","",,,,"Encounter.hospitalization.specialArrangement",0,*,"","ele-1:All FHIR elements must have a @value or children {hasValue() or (children().count() > id.count())}
",".specialArrangementCode","PV1-15 / OBR-30 / OBR-43"
"Encounter.hospitalization.destination","","","",0,1,"","","","Reference {[]} {[CanonicalType[http://hl7.org/fhir/StructureDefinition/Location], CanonicalType[http://hl7.org/fhir/StructureDefinition/Organization]]}
","Location/organization to which the patient is discharged / 患者さんが退院する場所・機関","Location/organization to which the patient is discharged.


患者さんが退院する場所・機関","References SHALL be a reference to an actual FHIR resource, and SHALL be resolveable (allowing for access control, temporary unavailability, etc.). Resolution can be either by retrieval from the URL, or, where applicable by resource type, by treating an absolute reference as a canonical URL and looking it up in a local registry/repository.


参照は実際のFHIRリソースへの参照でなければならず、解決可能でなければなりません。解決は URL からの検索、またはリソースタイプによって、絶対参照を正規の URL として扱い、ローカルのレジストリ/リポジトリで検索することで行うことができます。","","","","","","","","",,,,,"",,,,"Encounter.hospitalization.destination",0,1,"","ele-1:All FHIR elements must have a @value or children {hasValue() or (children().count() > id.count())}
",".participation[typeCode=DST]","PV1-37"
"Encounter.hospitalization.dischargeDisposition","","","",0,1,"","","","CodeableConcept {[]} {[]}
","Category or kind of location after discharge / 退院後の場所の区分や種類。","Category or kind of location after discharge.


退院後の場所の区分や種類。","Not all terminology uses fit this general pattern. In some cases, models should not use CodeableConcept and use Coding directly and provide their own structure for managing text, codings, translations and the relationship between elements and pre- and post-coordination.


すべての用語の使用がこの一般的なパターンに適合するわけではない。いくつかのケースでは、モデルはCodeableConceptを使用せず、Codingを直接使用し、テキスト、コーディング、翻訳、要素間の関係、および前後の調整を管理するための独自の構造を提供することが望ましい。","","","","","","","","",,"example","Discharge Disposition.","http://hl7.org/fhir/ValueSet/encounter-discharge-disposition","",,,,"Encounter.hospitalization.dischargeDisposition",0,1,"","ele-1:All FHIR elements must have a @value or children {hasValue() or (children().count() > id.count())}
",".dischargeDispositionCode","PV1-36"
"Encounter.location","","","",0,*,"","","","BackboneElement {[]} {[]}
","List of locations where the patient has been / 患者さんがいたことのある場所の一覧","List of locations where  the patient has been during this encounter.

このEncounterの間に患者さんがいたことのある場所のリスト","Virtual encounters can be recorded in the Encounter by specifying a location reference to a location of type ""kind"" such as ""client's home"" and an encounter.class = ""virtual"".

仮想Encouterは、""client's home ""のような ""kind ""型の場所を参照し、encounter.class = ""virtual ""を指定することで、Encounterに記録することができる。","","","","","","","","",,,,,"",,,,"Encounter.location",0,*,"","ele-1:All FHIR elements must have a @value or children {hasValue() or (children().count() > id.count())}
",".participation[typeCode=LOC]"
"Encounter.location.id","","","",0,1,"","","","string {[]} {[]}
","Unique id for inter-element referencing","Unique id for the element within a resource (for internal references). This may be any string value that does not contain spaces.","","","","","","","","","",,,,,"",,,,"Element.id",0,1,"","","n/a"
"Encounter.location.extension","","extensions
user content","",0,*,"","","","Extension {[]} {[]}
","Additional content defined by implementations","May be used to represent additional information that is not part of the basic definition of the element. To make the use of extensions safe and manageable, there is a strict set of governance  applied to the definition and use of extensions. Though any implementer can define an extension, there is a set of requirements that SHALL be met as part of the definition of the extension.","There can be no stigma associated with the use of extensions by any application, project, or standard - regardless of the institution or jurisdiction that uses or defines the extensions.  The use of extensions is what allows the FHIR specification to retain a core level of simplicity for everyone.","","","","","","","","",,,,,"",,,,"Element.extension",0,*,"","ele-1:All FHIR elements must have a @value or children {hasValue() or (children().count() > id.count())}
ext-1:Must have either extensions or value[x], not both {extension.exists() != value.exists()}","n/a"
"Encounter.location.modifierExtension","","extensions
user contentmodifiers","",0,*,"","Y","Y","Extension {[]} {[]}
","Extensions that cannot be ignored even if unrecognized","May be used to represent additional information that is not part of the basic definition of the element and that modifies the understanding of the element in which it is contained and/or the understanding of the containing element's descendants. Usually modifier elements provide negation or qualification. To make the use of extensions safe and manageable, there is a strict set of governance applied to the definition and use of extensions. Though any implementer can define an extension, there is a set of requirements that SHALL be met as part of the definition of the extension. Applications processing a resource are required to check for modifier extensions.

Modifier extensions SHALL NOT change the meaning of any elements on Resource or DomainResource (including cannot change the meaning of modifierExtension itself).","There can be no stigma associated with the use of extensions by any application, project, or standard - regardless of the institution or jurisdiction that uses or defines the extensions.  The use of extensions is what allows the FHIR specification to retain a core level of simplicity for everyone.","Modifier extensions allow for extensions that *cannot* be safely ignored to be clearly distinguished from the vast majority of extensions which can be safely ignored.  This promotes interoperability by eliminating the need for implementers to prohibit the presence of extensions. For further information, see the [definition of modifier extensions](http://hl7.org/fhir/R4/extensibility.html#modifierExtension).","","","","","","","",,,,,"",,,,"BackboneElement.modifierExtension",0,*,"","ele-1:All FHIR elements must have a @value or children {hasValue() or (children().count() > id.count())}
ext-1:Must have either extensions or value[x], not both {extension.exists() != value.exists()}","N/A"
"Encounter.location.location","","","",1,1,"","","","Reference {[]} {[CanonicalType[http://hl7.org/fhir/StructureDefinition/Location]]}
","Location the encounter takes place / Encounterの場所","The location where the encounter takes place.


Encounterの舞台となる場所。","References SHALL be a reference to an actual FHIR resource, and SHALL be resolveable (allowing for access control, temporary unavailability, etc.). Resolution can be either by retrieval from the URL, or, where applicable by resource type, by treating an absolute reference as a canonical URL and looking it up in a local registry/repository.


参照は実際のFHIRリソースへの参照でなければならず、解決可能でなければなりません。解決は URL からの検索、またはリソースタイプによって、絶対参照を正規の URL として扱い、ローカルのレジストリ/リポジトリで検索することで行うことができます。","","","","","","","","",,,,,"",,,,"Encounter.location.location",1,1,"","ele-1:All FHIR elements must have a @value or children {hasValue() or (children().count() > id.count())}
","Event.location",".role","FiveWs.where[x]","PV1-3 / PV1-6 / PV1-11 / PV1-42 / PV1-43"
"Encounter.location.status","","","",0,1,"","","","code {[]} {[]}
","planned | active | reserved | completed","The status of the participants' presence at the specified location during the period specified. If the participant is no longer at the location, then the period will have an end date/time.


指定された期間中の指定された場所での参加者の存在状況。参加者がその場所にいなくなった場合、その期間は終了日時を持つ。","When the patient is no longer active at a location, then the period end date is entered, and the status may be changed to completed.


患者がその場所で活動しなくなった場合、期間終了日が入力され、ステータスが完了した状態に変更されることがあります","","","","","","","","",,"required","The status of the location.","http://hl7.org/fhir/ValueSet/encounter-location-status|4.0.1","",,,,"Encounter.location.status",0,1,"","ele-1:All FHIR elements must have a @value or children {hasValue() or (children().count() > id.count())}
",".role.statusCode"
"Encounter.location.physicalType","","","",0,1,"","","","CodeableConcept {[]} {[]}
","The physical type of the location (usually the level in the location hierachy - bed room ward etc.) / 場所の物理的なタイプ（通常は場所の階層のレベル - ベッド・病室・病棟など）","This will be used to specify the required levels (bed/ward/room/etc.) desired to be recorded to simplify either messaging or query.


これは、メッセージングまたはクエリのいずれかを簡素化するために記録したい必要なレベル（ベッド/ワード/ルーム/その他）を指定するために使用されます。","This information is de-normalized from the Location resource to support the easier understanding of the encounter resource and processing in messaging or query.

There may be many levels in the hierachy, and this may only pic specific levels that are required for a specific usage scenario.



この情報は、メッセージングやクエリでのEncouterリソースの理解や処理を容易にするために、Locationリソースから非正規化されています。

階層には多くのレベルがあり、これは特定の使用シナリオに必要とされる特定のレベルのみをピックすることができます。","","","","","","","","",,"example","Physical form of the location.","http://hl7.org/fhir/ValueSet/location-physical-type","",,,,"Encounter.location.physicalType",0,1,"","ele-1:All FHIR elements must have a @value or children {hasValue() or (children().count() > id.count())}
"
"Encounter.location.period","","","",0,1,"","","","Period {[]} {[]}
","Time period during which the patient was present at the location / 患者がその場所にいた期間","Time period during which the patient was present at the location.


その場所に患者がいた期間。","A Period specifies a range of time; the context of use will specify whether the entire range applies (e.g. ""the patient was an inpatient of the hospital for this time range"") or one value from the range applies (e.g. ""give to the patient between these two times"").

Period is not used for a duration (a measure of elapsed time). See [Duration](datatypes.html#Duration).


期間は時間の範囲を指定します; 使用のコンテキストは、範囲全体が適用されるかどうかを指定します (例: ""患者はこの時間範囲の病院の入院患者でした"" )。または、範囲から1つの値が適用されます（例：「この2回の間に患者に与える」）。

期間は、期間(経過時間の尺度)には使用されません。Duration](datatypes.html#Duration)を参照のこと。","","","","","","","","",,,,,"",,,,"Encounter.location.period",0,1,"","ele-1:All FHIR elements must have a @value or children {hasValue() or (children().count() > id.count())}
",".time"
"Encounter.serviceProvider","","","",0,1,"","","","Reference {[]} {[CanonicalType[http://hl7.org/fhir/StructureDefinition/Organization]]}
","The organization (facility) responsible for this encounter / このEncouterに責任を持つ組織（施設）","The organization that is primarily responsible for this Encounter's services. This MAY be the same as the organization on the Patient record, however it could be different, such as if the actor performing the services was from an external organization (which may be billed seperately) for an external consultation.  Refer to the example bundle showing an abbreviated set of Encounters for a colonoscopy.

このEncouterのサービスに主に責任を持つ組織。これは、患者記録上の組織と同じであってもよいが、例えば、サービスを実行しているアクターが外部組織のものである場合（外部コンサルテーションのために別個に請求される場合がある）など、異なる可能性がある。 大腸内視鏡検査のためのEncouterの省略されたセットを示すバンドル例を参照のこと。","References SHALL be a reference to an actual FHIR resource, and SHALL be resolveable (allowing for access control, temporary unavailability, etc.). Resolution can be either by retrieval from the URL, or, where applicable by resource type, by treating an absolute reference as a canonical URL and looking it up in a local registry/repository.

参照は、実際のFHIRリソースへの参照である必要があり、解決可能（内容に到達可能）である必要がある（アクセス制御、一時的な使用不可などを考慮に入れる）。解決は、URLから取得するか、リソースタイプによって該当する場合は、絶対参照を正規URLとして扱い、ローカルレジストリ/リポジトリで検索することによって行うことができる。","","","","","","","","",,,,,"",,,,"Encounter.serviceProvider",0,1,"","ele-1:All FHIR elements must have a @value or children {hasValue() or (children().count() > id.count())}
","Event.performer.actor",".particiaption[typeCode=PFM].role","PL.6  & PL.1"
"Encounter.partOf","","","",0,1,"","","","Reference {[]} {[CanonicalType[http://hl7.org/fhir/StructureDefinition/Encounter]]}
","Another Encounter this encounter is part of / このEncouterが属するもう一つのEncouter","Another Encounter of which this encounter is a part of (administratively or in time).

このEncouterが（管理的に、あるいは時間的に）一部となっているもう一つのEncouter。","This is also used for associating a child's encounter back to the mother's encounter.Refer to the Notes section in the Patient resource for further details.

子供の受診を母親の受診にさかのぼって連携するときにも使われる。
（※出産時などを表していると思われる）
詳細については、Patient ResourceのNotesセクションを参照のこと。","","","","","","","","",,,,,"",,,,"Encounter.partOf",0,1,"","ele-1:All FHIR elements must have a @value or children {hasValue() or (children().count() > id.count())}
","Event.partOf",".inboundRelationship[typeCode=COMP].source[classCode=COMP, moodCode=EVN]"
